tag,content,,
natural,b'Please #donate \xe2\x9c\x94\xef\xb8\x8f\n\nPlease #share \xf0\x9f\x98\x83\n\nPlease #retweet \xf0\x9f\x91\x8d\n\n#thankyou \xf0\x9f\x99\x8f\n\n#MoAli59397232\n\nPlease #Support Rohingya Bangla\xe2\x80\xa6 https://t.co/wMw5dqGA3y',,
politics,b'#AwamiLeague asks EC to allocate \xe2\x80\x98boat\xe2\x80\x99 to 14 https://t.co/cNn1Mp4dEI',,
sports,b'bangladesh vs west Indies live cricket match on btv || live btv || bd vs wi live: https://t.co/Jq3ladtXxc via @YouTube',,
crime,"b""- bangladesh does not expresses but crime against hindu's, torching of hindu's temples since 1947, even after 1971\xe2\x80\xa6 https://t.co/1nN61v7RSU""",,
sports,b'RT @ESPNcricinfo: Tamim Iqbal runs in and pulls off a superb diving catch. Darren Bravo dismissed for 19 off 51 balls\n\n#BANvWI  https://t.c\xe2\x80\xa6',,
natural,b'Pakistan\xe2\x80\x99s spy service actively working for jihadist organization to be part of Bangladesh\xe2\x80\x99s next government sports,https://t.co/uaQedsMnMP',
natural,"b""RT @IstiaqHassan: I'm from Bangladesh.....\ni think  #Sreesanth is the most pure hearted person in #BiggBoss12\nhe is Like A CUTE CHILD From\xe2\x80\xa6""",,
natural,b'RT @Rishividhyadhar: Colonel Akhilesh Dubey, a war veteran in 1971 Bangladesh war who has suffered 7 heart attacks, shares his experience o\xe2\x80\xa6'
natural,"b""RT @RatriBose3: From today's Dhaka Tribune"," The English-language national daily tabloid newspaper of Bangladesh-\n4 Hindu temples have been\xe2\x80\xa6""",
sports,b'RT @ESPNcricinfo: Tamim Iqbal runs in and pulls off a superb diving catch. Darren Bravo dismissed for 19 off 51 balls\n\n#BANvWI  https://t.c\xe2\x80\xa6',,
politics,"b""RT @albd1971: #Bangladesh Awami League's election manifesto to prioritise information and communications technology for building #DigitalBa\xe2\x80\xa6""",,
politics,b'#AwamiLeague asks EC to allocate \xe2\x80\x98boat\xe2\x80\x99 to 14 https://t.co/cNn1Mp4dEI',,
crime,"b""- bangladesh does not expresses but crime against hindu's, torching of hindu's temples since 1947, even after 1971\xe2\x80\xa6 https://t.co/1nN61v7RSU""",,
natural,"b""RT @IstiaqHassan: I'm from Bangladesh.....\ni think  #Sreesanth is the most pure hearted person in #BiggBoss12\nhe is Like A CUTE CHILD From\xe2\x80\xa6""",,
crime,"b'@CNBC @CNBCMakeIt Today ""Biswajit Das Killing day"" On that day In Bangladesh. Biswajit\xc2\xa0was a 24-year-old hindu tail\xe2\x80\xa6 https://t.co/Ov5yjQjViR'",,
natural,b'Please #donate \xe2\x9c\x94\xef\xb8\x8f\n\nPlease #share \xf0\x9f\x98\x83\n\nPlease #retweet \xf0\x9f\x91\x8d\n\n#thankyou \xf0\x9f\x99\x8f\n\n#MoAli59397232\n\nPlease #Support Rohingya Bangla\xe2\x80\xa6 https://t.co/wMw5dqGA3y',,
sports,b'RT @CP_Gang: An all-round performance from Mosaddek Hossain saw #Bangladesh U-23 team moved semi-final of the Emerging Teams Cup after beat\xe2\x80\xa6', Sourav Biswas caught by West Bengal police in fake voter ID card racket. \nElection around the corner..&amp; similar\xe2\x80\xa6',
politics,"b'RT @CP_Gang: 2,79,272 students get stipend from PM\xe2\x80\x99s education trust\n\n#Bangladesh \n#AwamiLeague \n#SheikhHasina \n#EnrichingBangladesh\n#educa\xe2\x80\xa6'",,
natural,"b'RT @nslwin: A group of prominent #Rohingya living in #Europe is raising funds to develop their community. \n\n""Your support will be their hop\xe2\x80\xa6'",,
politics,"b'RT @CP_Gang: ADP implementation reaches record Tk 36,438 cr in July-Nov: Planning Minister AHM Mustafa Kamal.\n\n@ADB_Bangladesh \n@ADB_HQ \n\n#\xe2\x80\xa6'",,
sports,"b""Tamim's return gives Bangladesh happy headache https://t.co/lu0Mhud63V""",,
politics,b'RT @CP_Gang: HPM #SheikhHasina today called upon parents specially mothers to give attention to groom up their children as worthy citizens\xe2\x80\xa6',,
natural,b'The healing experiment for Rohingya children in Bangladesh \xe2\x80\x94 Quartz https://t.co/cM4OKbYWBS', was kept locked in a room for the whole day. At n\xe2\x80\xa6',
politics,"b'RT @CP_Gang: 2,79,272 students get stipend from PM\xe2\x80\x99s education trust\n\n#Bangladesh \n#AwamiLeague \n#SheikhHasina \n#EnrichingBangladesh\n#educa\xe2\x80\xa6'",,
natural,b'RT @NTomorrows: TOGETHER FOR #ROHINGYA THE HORROR OF #MYANMAR\nWE DEMAND IMMEDIATE ACTION OF THE INTERNATIONAL CRIMINAL COURT #ICC\nTO PROSEC\xe2\x80\xa6',,
politics,"b'RT @CP_Gang: ADP implementation reaches record Tk 36,438 cr in July-Nov: Planning Minister AHM Mustafa Kamal.\n\n@ADB_Bangladesh \n@ADB_HQ \n\n#\xe2\x80\xa6'", Bangladesh are 90/1 (Zakir Hasan-37*, N Shanto - 22*) \n\nLIVE SCORES \xe2\x96\xb6\xef\xb8\x8fMatch Centre at https://t.co/OgMbFO7S8s\xe2\x80\xa6'
natural,b'\xe2\x80\x9cI try to take their pain away through play\xe2\x80\x9d: A healing experiment in Rohingya refugee camps https://t.co/I7xDyxxs5a via @Flipboard',,
politics,b'RT @CP_Gang: HPM #SheikhHasina today called upon parents specially mothers to give attention to groom up their children as worthy citizens\xe2\x80\xa6',,
sports,b'RT @RadioPakistan: Bangladesh beat Pakistan by 84 runs in its last group match of Emerging Asia Cup https://t.co/oLr2X4bQ8H https://t.co/ES\xe2\x80\xa6', if we could have won a final that would have been better, especially the Asia Cup. I think it would be great if w\xe2\x80\xa6'
politics,"b'RT @dailystarnews: Even amidst the deafening noise and buzz around the upcoming elections, @mashrafebd still the same Mashrafe https://t.co\xe2\x80\xa6'",,
sports,b'RT @cricbuzz: Brilliant Rahim powers Bangladesh to a comfortable five-wicket victory. \n#BANvWI \nhttps://t.co/dZfRtg623p',,
natural,"b'RT @cristhevenot: Visiting #Jamtoli #refugee camp in #Bangladesh, where @Solidarites_Int #WASH teams provide 90 000 liters of clean #water\xe2\x80\xa6'",,
sports,b'Emerging Asia Cup: Bangladesh set Pakistan 310-run target to\xc2\xa0win https://t.co/UJcIlnI1Ay https://t.co/OAJVZ0jgyi',,
natural,"b'RT @B52Malmet: Also this other huge humanitarian crisis. \xe2\x80\x9cThe refugee camp where Eshak now lives is home to 902,984 Rohingya Muslims. It\xe2\x80\x99s\xe2\x80\xa6'",,
sports,b'RT @ESPNcricinfo: A Man-of-the-Match performance from Bangladesh captain Mashrafe Mortaza in his 200th ODI \xf0\x9f\x91\x8f \n\nhttps://t.co/3x34NDjJE3 #BAN\xe2\x80\xa6',,
natural,b'RT @BabaUmarr: Shrill demands by Hindu zealots that Delhi\xe2\x80\x99s iconic Jamia Mosque should be demolished\n\nBut His Holiness Dalai Lama says Syri\xe2\x80\xa6',,
sports,b'RT @ESPNcricinfo: Bangladesh ease to a 1-0 series lead \n\nhttps://t.co/3x34NDjJE3 #BANvWI https://t.co/nQydXRZ8qX',,
politics,b'Someone needs to tell our President that Bangladesh broke up with us after 14 years of Marshal Law. If there was an\xe2\x80\xa6 https://t.co/Z6pyaQfYP1',,
sports,b'RT @ESPNcricinfo: How good was that catch from Tamim Iqbal? \n\nhttps://t.co/NUtXY3FRoE #BANvWI https://t.co/fGOBxFBMRR',,
natural,"b'RT @B52Malmet: Also this other huge humanitarian crisis. \xe2\x80\x9cThe refugee camp where Eshak now lives is home to 902,984 Rohingya Muslims. It\xe2\x80\x99s\xe2\x80\xa6'",,
sports,b'RT @RadioPakistan: Bangladesh beat Pakistan by 84 runs in its last group match of Emerging Asia Cup https://t.co/oLr2X4bQ8H https://t.co/ES\xe2\x80\xa6',,
natural,"b'RT @B52Malmet: Also this other huge humanitarian crisis. \xe2\x80\x9cThe refugee camp where Eshak now lives is home to 902,984 Rohingya Muslims. It\xe2\x80\x99s\xe2\x80\xa6'", was kept locked in a room for the whole d\xe2\x80\xa6 https://t.co/BjenL121eh',
sports,"b""Tamim Iqbal's return gives Bangladesh happy headache https://t.co/INwIIM32iI https://t.co/NwUAucwGYN""",,
natural,"b'RT @B52Malmet: Also this other huge humanitarian crisis. \xe2\x80\x9cThe refugee camp where Eshak now lives is home to 902,984 Rohingya Muslims. It\xe2\x80\x99s\xe2\x80\xa6'",,
sports,"b'After another disappointing performance from West Indies in the first ODI with Bangladesh, Roston Chase knows there\xe2\x80\xa6 https://t.co/rjmKyXWsXc'",,
natural,"b'RT @B52Malmet: Also this other huge humanitarian crisis. \xe2\x80\x9cThe refugee camp where Eshak now lives is home to 902,984 Rohingya Muslims. It\xe2\x80\x99s\xe2\x80\xa6'", supporters to unite for polls, hopes BNP     BNP expresses hope that supporters of party leaders\xe2\x80\xa6 https://t.co/4cJfAFOOFn'
politics,"b'RT @tasneem: ""As #Bangladesh prepares to hold the 11th parliamentary elections shortly, now is the time that political parties should commi\xe2\x80\xa6'",,
natural,b'I liked a @YouTube video https://t.co/NWk9LocJbY Malta Cultivation in Bangladesh',,
politics,b'RT @AFPSouthAsia: The arrests are yet another blow for a beleaguered opposition whose leader Khaleda Zia has been jailed for corruption and\xe2\x80\xa6',,
natural,b'RT @maidros78: Beautiful! BSF tormenting 11 Hindu refugees from Bangladesh in Meghalaya [under the great Hindu sarkar]. https://t.co/Mxb5Ji\xe2\x80\xa6',,
sports,b'RT @TheArmaanian22: #BANvWI \n\nBangladesh won the match against West Indies.\n\nMasrafi (The master mind)  --3 wickets\nMustafiz -- 3 wickets\xe2\x80\xa6', TV channel, start time and team news for first ODI cricket match https://t.co/1riJolVR4P'
natural,"b'RT @deirdrekent: ""Much of Bangladesh will be flooded by the end of the century, if not before. Millions of Bangladeshis will become homeles\xe2\x80\xa6'",,
sports,"b""RT @coachesacross: Thanks to @bff_football for letting us conduct a football for social impact session during their 'C' License.  We're als\xe2\x80\xa6""",,
natural,b'RT @Refugees: \xe2\x80\x9cThey were from our communities and had no opportunity to go to school. I felt a strong responsibility to teach them.\xe2\x80\x9d\n\nAline\xe2\x80\xa6',,
sports,"b""People Don't Care About Bangladesh Vs West Indies Series So Here Is A Cat From That Match https://t.co/IEXvwhNmH1""",,
natural,b'RT @taslimanasreen: Hypocrite Bangladesh celebrating  birth anniversary extravaganza of an early 20th century  feminist writer who is now d\xe2\x80\xa6',,
sports,"b'One thing I noticed about the Bangladesh Lineup against the West Indies in the first ODI, was that it was a full Ba\xe2\x80\xa6 https://t.co/q8inbqF9ei'", I am trying to locate one of my classmate in graduation who ha\xe2\x80\xa6 https://t.co/XANPOwKivU',
politics,b'Bangladesh elections explained https://t.co/TpL2GA4eoO', 1st ODI | 09-12-2018 | \xe0\xa6\xac\xe0\xa6\xbe\xe0\xa6\x82\xe0\xa6\xb2\xe0\xa6\xbe\xe0\xa6\xa6\xe0\xa7\x87\xe0\xa6\xb6',
natural,b'The healing experiment for Rohingya children in Bangladesh \xe2\x80\x94 Quartz https://t.co/uXyoiyWhoF', Myanmar and Thailand.But @indiannavy\xe2\x80\xa6',
sports,b'RT @cricketpakcompk: Bangladesh overpower Windies in first ODI \n#BANvsWI \n\nRead more: https://t.co/jICwpcpmIV https://t.co/sGjmTm3IFu',,
natural,"b""@taslimanasreen Why don't you try to preach your thoughts in Bangladesh?""",,
sports,b'RT @cricketpakcompk: Bangladesh down Pakistan in Emerging Teams Asia Cup\n#ETAC2018 \n\nRead more: https://t.co/AQUxKIXvsu https://t.co/LEa0XW\xe2\x80\xa6',,
natural,"b'@Ram_Guha People have the rights as you say, but do my Hindu and Sikh brothers have their rights in Pakistan, Bangladesh and Afghanistan?'",,
sports,b'Bangladesh tick most boxes in dominating first ODI victory https://t.co/TCqQ8DV5r5',,
natural,b'RT @Refugees: \xe2\x80\x9cThey were from our communities and had no opportunity to go to school. I felt a strong responsibility to teach them.\xe2\x80\x9d\n\nAline\xe2\x80\xa6',,
politics,b'@ifcmatt Bangladesh national league',,
natural,"b'RT @Rasiq07: Twitter family! I need your help. \n\nShare the link below as I will try my best inshallah, to raise money for Rohingya, Banglad\xe2\x80\xa6'",,
politics,b'It is amazing that Bangladesh have only two leaders and both of them are women and they come in power one after ano\xe2\x80\xa6 https://t.co/1IbBwBbJkc',,
crime,"b'#Disappearance, #extrajudicial killing continue in #Bangladesh  https://t.co/koPh2d8nZ2 @usembassydhaka\xe2\x80\xa6 https://t.co/wGvQk6543o'",,
sports,"b'RT @SYahyaHussaini: Selection process in @TheRealPCB is now really alarming . Just a day after defeat against @BLACKCAPS ,Pakistan team los\xe2\x80\xa6'",,
natural,"b'RT @nslwin: A group of prominent #Rohingya living in #Europe is raising funds to develop their community. \n\n""Your support will be their hop\xe2\x80\xa6'",,
crime,"b'RT @UNFPABangladesh: To many parents, child marriage is a solution to many socio-economic issues like dowry, sexual harassment &amp; poverty. S\xe2\x80\xa6'",,
politics,b'Bangladesh elections are coming up soon. It\xe2\x80\x99s crucial. https://t.co/Q1nDQHgoNT',,
sports,b'RT @DunyaNews: Mushfiqur steers Bangladesh to easy win against Windies https://t.co/dSJtWRZ4c9 https://t.co/iYu5xEMvG6',,
natural,b'One woman\xe2\x80\x99s story reveals the human cost of climate change in Bangladesh\n https://t.co/5vVY5PlDD4 #ClimateChange vi\xe2\x80\xa6 https://t.co/6J1uNVfYks',,
politics,b'Bangladesh party says hundreds of supporters held before polls\n\nhttps://t.co/grSEhmV0B2\n\nShared from Discover',,
natural,b'RT @Refugees: \xe2\x80\x9cThey were from our communities and had no opportunity to go to school. I felt a strong responsibility to teach them.\xe2\x80\x9d\n\nAline\xe2\x80\xa6',,
sports,b'RT @DunyaNews: Mushfiqur steers Bangladesh to easy win against Windies https://t.co/dSJtWRZ4c9 https://t.co/iYu5xEMvG6',,
natural,b'RT @DDisplacement: Climate change is not only an environmental issue but also a security issue for Bangladesh - Foreign Secretary Shahidul\xe2\x80\xa6',,
sports,b'Summary of the Bangladesh vs West Indies  2018 cricket match. https://t.co/gmaNO1qCy6\nvia ESPNCricinfo app https://t.co/bhL9TMRbnv',,
natural,b'Bangladesh Railway\nhttps://t.co/mgLPHGOfQ3 https://t.co/HrksD1LJnf',,
sports,"b""RT @ICC: Bangladesh cruise to a 1-0 ODI series lead!\n\nOnly 35.1 overs are needed to overhaul West Indies' 195/9, Mushfiqur Rahim (55*) and\xe2\x80\xa6""",,
politics,"b'RT @CP_Gang: 2,79,272 students get stipend from PM\xe2\x80\x99s education trust\n\n#Bangladesh \n#AwamiLeague \n#SheikhHasina \n#EnrichingBangladesh\n#educa\xe2\x80\xa6'",,
sports,b'RT @CP_Gang: An all-round performance from Mosaddek Hossain saw #Bangladesh U-23 team moved semi-final of the Emerging Teams Cup after beat\xe2\x80\xa6',,
politics,"b'RT @CP_Gang: ADP implementation reaches record Tk 36,438 cr in July-Nov: Planning Minister AHM Mustafa Kamal.\n\n@ADB_Bangladesh \n@ADB_HQ \n\n#\xe2\x80\xa6'",,
natural,b'RT @Refugees: \xe2\x80\x9cThey were from our communities and had no opportunity to go to school. I felt a strong responsibility to teach them.\xe2\x80\x9d\n\nAline\xe2\x80\xa6',,
politics,b'RT @CP_Gang: HPM #SheikhHasina today called upon parents specially mothers to give attention to groom up their children as worthy citizens\xe2\x80\xa6',,
sports,"b'Bangladesh vs West Indies, 1st ODI in Dhaka, Highlights: As It Happened \xe2\x80\x93\xc2\xa0News18 https://t.co/tUYHxzxVsY'",,
politics,"b'The Jamaat Shibir does not have the right to vote in any election. Jamaat, who did not want independenance of Bangl\xe2\x80\xa6 https://t.co/GoonkEirwu'",Indiraji had more guts than any pm till date.With 1 single blow she\xe2\x80\xa6 https://t.co/Niv5lxBZUW',
natural,b'RT @Refugees: \xe2\x80\x9cThey were from our communities and had no opportunity to go to school. I felt a strong responsibility to teach them.\xe2\x80\x9d\n\nAline\xe2\x80\xa6',,
sports,"b'RT @ICCLive: Welcome to the Sher-e-Bangla National Cricket Stadium, Mirpur, for the 1st ODI between Bangladesh and Windies https://t.co/Drz\xe2\x80\xa6'", a war veteran in 1971 Bangladesh war who has suffered 7 heart attacks, shares his experience o\xe2\x80\xa6'
natural,"b'Photo 1.\nPhoto of Rohingya refugee kid, taken by my sister near Bangladesh-Myanmar boarder. This child is forced to\xe2\x80\xa6 https://t.co/Cjv9VFHnK1'",,
sports,b'New post: Bangladesh tick most boxes in dominating first ODI victory https://t.co/IOQ9z5EZku',,
natural,"b""RT @Infoseepage: @jack The people are so full of joy! I suppose you didn't visit any of the hundreds of villages burnt by government forces\xe2\x80\xa6""",,
sports,"b""RT @ICCLive: 1st ODI. It's all over! Bangladesh win by 5 wickets https://t.co/DrzCRyf0YF #BANvWI""",,
natural,b'Primitive Technology: Low Quality Woodturning for Bed in Bangladesh || Amazing Wood Cutting: https://t.co/ljTDeIiTLe via @YouTube',,
sports,b'RT @ICC: Tamim Iqbal takes a stunning catch to help Bangladesh get rid of Darren Bravo for 19.\n\nWindies are 66/2 after 21 overs. \n\n#BANvWI\xe2\x80\xa6',,
natural,b'Does it change the meaning of Christmas because I\xe2\x80\x99m in a different context https://t.co/IKWEWlEX1b', war criminals, anti-liberati\xe2\x80\xa6'
sports,"b""RT @ICC: Bangladesh have made a solid start to their pursuit of 196 to win the first ODI - they're 68/2 at drinks after 15 overs, with Lito\xe2\x80\xa6""",,
politics,b'RT @sajeebwazed: US government pledges continued support as #Bangladesh provides #humanitarian aid to #Rohingyas https://t.co/mWquMQAB8d',,
sports,b'RT @cricbuzz: Brilliant Rahim powers Bangladesh to a comfortable five-wicket victory. \n#BANvWI \nhttps://t.co/dZfRtg623p',,
politics,b'RT @sajeebwazed: US general lauds #Bangladesh\xe2\x80\x99s support to security cooperation\nhttps://t.co/A3ixgKMJHA',,
sports,b'Mushfiqur steers Bangladesh to easy win against Windies https://t.co/dSJtWRZ4c9 https://t.co/iYu5xEMvG6',,
politics,"b""RT @sajeebwazed: PM #SheikhHasina inspects new aircraft as #Bangladesh's #economy continues to grow https://t.co/BseHOzeArs""",,
crime,"b'RT @UNFPABangladesh: To many parents, child marriage is a solution to many socio-economic issues like dowry, sexual harassment &amp; poverty. S\xe2\x80\xa6'",,
politics,"b'RT @sajeebwazed: #Bangladesh PM #SheikhHasina calls for fair, free elections\xc2\xa0https://t.co/smSFXXODOG'",,
sports,b'RT @Cricketracker: Bangladesh need 171 runs. #BANvWI https://t.co/rAh8DxvOlT',,
politics,"b""RT @janusmyth: BJP President's comments about Bangladesh picked up by one of the biggest TV channels of Dhaka. Domestic pressure mounting o\xe2\x80\xa6""",,
sports,"b'RT @ESPNcricinfo: Tamim, Imrul Kayes, Soumya Sarkar, and Liton Das in the squad. Which two will open the batting for Bangladesh?\n\n#BANvWI h\xe2\x80\xa6'",,
politics,"b""Technocrat ministers' resignation finally accepted https://t.co/qhMMh9Jvoo""",,
sports,b'RT @dailystarnews: A cool effort from @mushfiqur15 helps @BCBtigers win the first ODI in convincing manner #BANvWI https://t.co/43MbuwFGqo',,
crime,"b""Bangladeshi workers among Top Glove's illegal overtime victims https://t.co/TmOXu7tV09""",,
sports,"b'RT @ICC: Mortaza, Rahman, Das and Rahim starred Bangladesh eased to a five-wicket win against West Indies in their ODI series opener in Dha\xe2\x80\xa6'",,
natural,b'Dhaka Commerce College and Narayanganj College advanced to the final of the Walton 3rd Inter-College Women\xe2\x80\x99s Rugby\xe2\x80\xa6 https://t.co/nlE6CwXlOx',,
sports,b'RT @Cricketracker: Bangladesh won by 5 wickets. #BANvWI https://t.co/tUsVFKRaV1',,
natural,b'RT @Refugees: \xe2\x80\x9cThey were from our communities and had no opportunity to go to school. I felt a strong responsibility to teach them.\xe2\x80\x9d\n\nAline\xe2\x80\xa6',,
sports,b'RT @Cricketracker: The target for Bangladesh is 196. #BANvWI https://t.co/m0bZco2oSt',,
politics,b'#AwamiLeague asks EC to allocate \xe2\x80\x98boat\xe2\x80\x99 to 14 https://t.co/cNn1Mp4dEI',,
sports,b'RT @ICC: Windies have won the toss and have elected to bat in the first ODI against Bangladesh in Dhaka. \n\n#BANvWI LIVE \xe2\xac\x87\xef\xb8\x8f\nhttps://t.co/QK9\xe2\x80\xa6',,
natural,"b'RT @karunanundy: Rwanda, Afghanistan, Pakistan, Nepal, Bangladesh...all ahead of us. https://t.co/OIftP6DIws'",,
sports,"b'RT @cricbuzz: After two early wickets, Bangladesh are looking in control in their pursuit of 196. Liton(31*) and Rahim(8*) are at the creas\xe2\x80\xa6'",,
politics,b'#BNP asks for \xe2\x80\x98paddy\xe2\x80\x99 symbol for 27 alliance candidates https://t.co/nKNhIPdF61',,
sports,b'RT @cricbuzz: Windies sink further as Samuels holes out at long-on. 127/6\n\n#BANvWI\n\nhttps://t.co/dZfRtg623p',,
natural,"b'RT @karunanundy: Rwanda, Afghanistan, Pakistan, Nepal, Bangladesh...all ahead of us. https://t.co/OIftP6DIws'",,
sports,"b""RT @deeputalks: TIL Shimron Hetmyer's 15 sixes in the two-Test series in Bangladesh is the most ever by a batsman in a Test series.\nHe went\xe2\x80\xa6""",,
politics,b'RT @trtworld: Bangladesh opposition party says the government has arrested hundreds of its supporters since election dates were announced h\xe2\x80\xa6',,
sports,b'RT @Mustafiz90: We are all set for first ODI against Windies. Remember team Bangladesh in your prayers. #BANvWI https://t.co/L8418HyKrY',,
natural,"b'""Much of Bangladesh will be flooded by the end of the century, if not before. Millions of Bangladeshis will become\xe2\x80\xa6 https://t.co/OMO6thUXAk'",,
sports,"b""RT @cricbuzz: Mortaza's recent entry into politics and the hint that he would retire after the 2019 World Cup were received with mixed reac\xe2\x80\xa6""",,
natural,"b'RT @karunanundy: Rwanda, Afghanistan, Pakistan, Nepal, Bangladesh...all ahead of us. https://t.co/OIftP6DIws'",,
sports,"b'RT @wiplayers: #BANvWI The Windies go down to Bangladesh by 5 wickets in the 1st D/N ODI in Dhaka. Scores: Windies 195/9 (50) S Hope 43, K\xe2\x80\xa6'",,
natural,"b'RT @40_head: 35. As I quoted in my last thread, over 5,000 of these women fled back to Burma, now called Myanmar, and to Bangladesh...all s\xe2\x80\xa6'",,
sports,"b'RT @ESPNcricinfo: The partnership between Mushfiqur and Shakib sets Bangladesh on course in their chase of 196, 139/3 after 25 overs\n\n#BANv\xe2\x80\xa6'",,
politics,"b'Final Seat-Sharing: BNP keeps 238, allies get 60\n https://t.co/1oLC1V62aO via @dailystarnews'",,
sports,b'RT @ESPNcricinfo: Tamim Iqbal runs in and pulls off a superb diving catch. Darren Bravo dismissed for 19 off 51 balls\n\n#BANvWI  https://t.c\xe2\x80\xa6',,
politics,"b'RT @tasneem: ""As #Bangladesh prepares to hold the 11th parliamentary elections shortly, now is the time that political parties should commi\xe2\x80\xa6'",,
sports,b'RT @ESPNcricinfo: How good was that catch from Tamim Iqbal? \n\nhttps://t.co/NUtXY3FRoE #BANvWI https://t.co/fGOBxFBMRR',,
natural,b'RT @taslimanasreen: Hypocrite Bangladesh celebrating  birth anniversary extravaganza of an early 20th century  feminist writer who is now d\xe2\x80\xa6',,
sports,b'RT @ESPNcricinfo: Bangladesh ease to a 1-0 series lead \n\nhttps://t.co/3x34NDjJE3 #BANvWI https://t.co/nQydXRZ8qX',,
politics,"b""RT @janusmyth: BJP President's comments about Bangladesh picked up by one of the biggest TV channels of Dhaka. Domestic pressure mounting o\xe2\x80\xa6""",,
sports,b'RT @ICC: Three wickets each from Mashrafe Mortaza and Mustafizur Rahman helps restrict West Indies to just 195/9 in the 1st ODI in Dhaka -\xe2\x80\xa6',,
politics,b'We seek help from all home and abroad to help ensuring free and fare credible national election in Bangladesh. Demo\xe2\x80\xa6 https://t.co/8YlgOUpK8O',,
sports,b'RT @ESPNcricinfo: A Man-of-the-Match performance from Bangladesh captain Mashrafe Mortaza in his 200th ODI \xf0\x9f\x91\x8f \n\nhttps://t.co/3x34NDjJE3 #BAN\xe2\x80\xa6',,
natural,"b'Hi, I am Nahid_Akanda from Bangladesh. I am senior Wordpress Developer working with local and international clients\xe2\x80\xa6 https://t.co/gN3TRZoTLy'",,
sports,"b""RT @ICC: Bangladesh cruise to a 1-0 ODI series lead!\n\nOnly 35.1 overs are needed to overhaul West Indies' 195/9, Mushfiqur Rahim (55*) and\xe2\x80\xa6""",,
natural,b'Bangladesh Power Development Board and Bangladesh Navy registered victories at the Walton Victory Day Volleyball Co\xe2\x80\xa6 https://t.co/72PAMa58cL',,
sports,b'Bangladesh tick most boxes in dominating first ODI victory https://t.co/Qm3DR2itoj',,
politics,"b'#Bangladesh Well, in the end, ruling Awami League -merely token secular/progressive now - does have 24 female +17 r\xe2\x80\xa6 https://t.co/iwXmlfspLq'",,
sports,b'I liked a @YouTube video https://t.co/6jr43470i0 Bangladesh vs Windies Highlights || 1st ODI || Windies tour of Bangladesh 2018',,
natural,b'RT @nandaji1958: TamilNadu became den of illegal muslim immigrants fr Bangladesh &amp;Myanmar.Police not maintained forgieners records&amp; not ver\xe2\x80\xa6',,
sports,b'Mashrafe inspires by  example https://t.co/kRYy6ve0mE',,
natural,b'RT @Refugees: \xe2\x80\x9cThey were from our communities and had no opportunity to go to school. I felt a strong responsibility to teach them.\xe2\x80\x9d\n\nAline\xe2\x80\xa6',,
sports,b'RT @Cricket_World: Bangladesh @BCBtigers\xf0\x9f\x87\xa7\xf0\x9f\x87\xa9 beat Windies @windiescricket\xf0\x9f\x8f\x9d in 1st ODI by 5 wickets in Mirpur . Windies won the toss and decid\xe2\x80\xa6',,
natural,b'Rights at stake in Bangladesh on Human Rights Day https://t.co/ooJ9bYGowG',,
sports,b'RT @Cricket_World: Bangladesh @BCBtigers\xf0\x9f\x87\xa7\xf0\x9f\x87\xa9 beat Windies @windiescricket\xf0\x9f\x8f\x9d in 1st ODI by 5 wickets in Mirpur . Windies won the toss and decid\xe2\x80\xa6',,
natural,"b'I just posted ""Fish Market in Naogaon | Bangladesh | \xe0\xa6\xa8\xe0\xa6\x93\xe0\xa6\x97\xe0\xa6\xbe\xe0\xa6\x81 \xe0\xa6\xae\xe0\xa6\xbe\xe0\xa6\x9b \xe0\xa6\xac\xe0\xa6\xbe\xe0\xa6\x9c\xe0\xa6\xbe\xe0\xa6\xb0"" on Reddit\n\nhttps://t.co/Q0zHN6Srxz\xe0\xa6\xa8\xe0\xa6\x93\xe0\xa6\x97_\xe0\xa6\xae\xe0\xa6\x9b_\xe0\xa6\xac\xe0\xa6\x9c\xe0\xa6\xb0/\xe2\x80\xa6 https://t.co/j8nWCMEwdo'",,
sports,"b""I liked a @YouTube video https://t.co/ejvNrekuMO Mashrafe Mortaza's Press Conference | 1st ODI | Windies tour of Bangladesh 2018""",,
natural,b'@soniyatv @jack @soniyatv the Burmese Buddhist are on the true path.tell the Rohingayas to go back to Bangladesh which is their actual home',,
sports,b'Bangladesh storm into semifinals https://t.co/oE69VNgdJd',,
politics,b'The need for campaign finance reform #BangladeshElection2018  https://t.co/t0sc9pRedE',,
sports,"b""RT @ICC: Bangladesh cruise to a 1-0 ODI series lead!\n\nOnly 35.1 overs are needed to overhaul West Indies' 195/9, Mushfiqur Rahim (55*) and\xe2\x80\xa6""",,
natural,b'RT @taslimanasreen: Hypocrite Bangladesh celebrating  birth anniversary extravaganza of an early 20th century  feminist writer who is now d\xe2\x80\xa6',,
sports,b'Mushfiqur Rahim 55* Runs Against Win\xe0\xa5\xa4 Ban vs Win 1st ODI 2018 Bangladesh vs Windies Highlights: https://t.co/XfFmZT2wWJ via @YouTube',,
natural,"b'RT @karunanundy: Rwanda, Afghanistan, Pakistan, Nepal, Bangladesh...all ahead of us. https://t.co/OIftP6DIws'",,
sports,b'Mushfiqur Rahim Steers Bangladesh To Easy Win Against Windies In 1st ODI https://t.co/srz9HYdKjg',,
natural,b'RT @_Hinduism_: Did you know \xf0\x9f\xa4\x94\n\n#Aryavart #Bharatvarsha of today is consists of 17 countries?\n\nKingdoms were:\n1\xc2\xa0India\n2 Pakistan\n3 Afghanis\xe2\x80\xa6',,
sports,b'Bangladesh\xe2\x80\x99s star Tamim Iqbal favors strict anti-corruption rules: https://t.co/tJieXUKp43 via @YouTube',,
natural,b'RT @Refugees: \xe2\x80\x9cThey were from our communities and had no opportunity to go to school. I felt a strong responsibility to teach them.\xe2\x80\x9d\n\nAline\xe2\x80\xa6',,
sports,b'#weldone Bangladesh team\n#victory against wi team',,
natural,"b'RT @nslwin: A group of prominent #Rohingya living in #Europe is raising funds to develop their community. \n\n""Your support will be their hop\xe2\x80\xa6'",,
sports,b'I liked a @YouTube video https://t.co/0HLtRq0zNQ Bangladesh vs Windies Highlights || 1st ODI || Windies tour of Bangladesh 2018',,
natural,"b'This is one of the very promising industry in Bangladesh. No, Bangladesh is not about only RMG sector, it has by fa\xe2\x80\xa6 https://t.co/2LcrHTv043'",,
sports,b'RT @SuperSportTV: Mushfiqur Rahim top scored with an unbeaten 55 as Bangladesh defeated West Indies by five wickets in the first one-day in\xe2\x80\xa6',,
natural,b'RT @CGTNOfficial: Current and algae from river fuse together to form real-life watercolor painting in #Bangladesh https://t.co/RoLWh8Zszu',,
sports,"b""RT @ICC: Bangladesh cruise to a 1-0 ODI series lead!\n\nOnly 35.1 overs are needed to overhaul West Indies' 195/9, Mushfiqur Rahim (55*) and\xe2\x80\xa6""",,
natural,b'RT @Refugees: \xe2\x80\x9cThey were from our communities and had no opportunity to go to school. I felt a strong responsibility to teach them.\xe2\x80\x9d\n\nAline\xe2\x80\xa6',,
sports,b'Mushfiqur Rahim top scored with an unbeaten 55 as Bangladesh defeated West Indies by five wickets in the first one-\xe2\x80\xa6 https://t.co/cb7t8XAWC7',,
natural,b'RT @tunkhin80: A group of prominent #Rohingya living in #Europe is raising funds to develop their community.Your support is vital for their\xe2\x80\xa6',,
sports,"b""I've just posted a new blog: Bangladesh vs West Indies 1st ODI Highlights: Bangladesh beat West Indies by five wick\xe2\x80\xa6 https://t.co/BYfTLNcBji""",,
natural,"b""Comparison of Pakistani currency with Nepal, india,Afghanistan, and Bangladesh's currency.\n#thankyouasadumer\xe2\x80\xa6 https://t.co/imHacwnx5x""",,
sports,b'RT @ESPNcricinfo: How good was that catch from Tamim Iqbal? \n\nhttps://t.co/NUtXY3FRoE #BANvWI https://t.co/fGOBxFBMRR',,
politics,"b'RT @tasneem: ""As #Bangladesh prepares to hold the 11th parliamentary elections shortly, now is the time that political parties should commi\xe2\x80\xa6'",,
sports,"b""I liked a @YouTube video https://t.co/AixUwU2ZpK Mustafizur's 3 Wickets Against Windies | 1st ODI | Windies tour of Bangladesh 2018""",,
politics,b'This is what actually happened during justifying the legality of nomination\n\n#Bangladesh #BDElection18 #BoycottEC\xe2\x80\xa6 https://t.co/grESGbXEhz',,
natural,"b'RT @zawhar_dudayev: Yesterday I visited #Chellakhali, a #transboundary #river, originated from West Garo Hills District, Meghalaya, &amp; meets\xe2\x80\xa6'",,
sports,b'Bangladesh @BCBtigers\xf0\x9f\x87\xa7\xf0\x9f\x87\xa9 beat Windies @windiescricket\xf0\x9f\x8f\x9d in 1st ODI by 5 wickets in Mirpur . Windies won the toss and\xe2\x80\xa6 https://t.co/FhTU5FayGd',,
natural,b'RT @Refugees: \xe2\x80\x9cThey were from our communities and had no opportunity to go to school. I felt a strong responsibility to teach them.\xe2\x80\x9d\n\nAline\xe2\x80\xa6',,
sports,b'Abul Hasan has the highest average of all left-handed Bangladesh Test batsmen vs West Indies https://t.co/oo3dh0nPBg',,
natural,"b'RT @nslwin: A group of prominent #Rohingya living in #Europe is raising funds to develop their community. \n\n""Your support will be their hop\xe2\x80\xa6'",,
sports,b'@dailystarnews @BCBtigers @windiescricket Go Ahead Bangladesh Tiger',,
natural,b'RT @Refugees: \xe2\x80\x9cThey were from our communities and had no opportunity to go to school. I felt a strong responsibility to teach them.\xe2\x80\x9d\n\nAline\xe2\x80\xa6',,
sports,"b'RT @CtgVikings: After Dominating West-Indies in Test Cricket, Tigers have started their ODI series with a Victory. Congratulation Team Bang\xe2\x80\xa6'",,
politics,"b'""As #Bangladesh prepares to hold the 11th parliamentary elections shortly, now is the time that political parties s\xe2\x80\xa6 https://t.co/hoQ7o33M71'",,
sports,b'Gtv live cricket - Bangladesh Cricket Live: https://t.co/RYfRrEpVvA via @YouTube',,
natural,"b'Some countries need water &amp; some have too much. Like we explained in the episode, #Bangladesh is located on the big\xe2\x80\xa6 https://t.co/5xFK1w8lNq'",,
sports,b'@BCBtigers ODI captain Mashrafe bin Mortaza said Soumya Sarkar\xe2\x80\x99s ability to play big shots and his medium-pace bowl\xe2\x80\xa6 https://t.co/0UEwJmY2Ps',,
natural,"b'RT @nslwin: A group of prominent #Rohingya living in #Europe is raising funds to develop their community. \n\n""Your support will be their hop\xe2\x80\xa6'",,
politics,b'RT @trtworld: Bangladesh opposition party says the government has arrested hundreds of its supporters since election dates were announced h\xe2\x80\xa6',,
natural,b'RT @tunkhin80: A group of prominent #Rohingya living in #Europe is raising funds to develop their community.Your support is vital for their\xe2\x80\xa6',,
politics,b'RT @trtworld: Bangladesh opposition party says the government has arrested hundreds of its supporters since election dates were announced h\xe2\x80\xa6',,
