tag,content,,
natural,b'Please #donate \xe2\x9c\x94\xef\xb8\x8f\n\nPlease #share \xf0\x9f\x98\x83\n\nPlease #retweet \xf0\x9f\x91\x8d\n\n#thankyou \xf0\x9f\x99\x8f\n\n#MoAli59397232\n\nPlease #Support Rohingya Bangla\xe2\x80\xa6 https://t.co/wMw5dqGA3y',,
politics,b'#AwamiLeague asks EC to allocate \xe2\x80\x98boat\xe2\x80\x99 to 14 https://t.co/cNn1Mp4dEI',,
sports,b'bangladesh vs west Indies live cricket match on btv || live btv || bd vs wi live: https://t.co/Jq3ladtXxc via @YouTube',,
crime,"b""- bangladesh does not expresses but crime against hindu's, torching of hindu's temples since 1947, even after 1971\xe2\x80\xa6 https://t.co/1nN61v7RSU""",,
sports,b'RT @ESPNcricinfo: Tamim Iqbal runs in and pulls off a superb diving catch. Darren Bravo dismissed for 19 off 51 balls\n\n#BANvWI  https://t.c\xe2\x80\xa6',,
natural,b'Pakistan\xe2\x80\x99s spy service actively working for jihadist organization to be part of Bangladesh\xe2\x80\x99s next government sports,https://t.co/uaQedsMnMP',
natural,"b""RT @IstiaqHassan: I'm from Bangladesh.....\ni think  #Sreesanth is the most pure hearted person in #BiggBoss12\nhe is Like A CUTE CHILD From\xe2\x80\xa6""",,
natural,b'RT @Rishividhyadhar: Colonel Akhilesh Dubey, a war veteran in 1971 Bangladesh war who has suffered 7 heart attacks, shares his experience o\xe2\x80\xa6'
natural,"b""RT @RatriBose3: From today's Dhaka Tribune"," The English-language national daily tabloid newspaper of Bangladesh-\n4 Hindu temples have been\xe2\x80\xa6""",
sports,b'RT @ESPNcricinfo: Tamim Iqbal runs in and pulls off a superb diving catch. Darren Bravo dismissed for 19 off 51 balls\n\n#BANvWI  https://t.c\xe2\x80\xa6',,
sports,b'RT @DunyaNews: West Indies opt to bat in first Bangladesh ODI https://t.co/Gnf717tJDc https://t.co/WQXacQeBaX',,
sports,b'Bangladesh cricket live: https://t.co/BvEd81VkfR via @YouTube',,
natural,"b'RT @Joydeep_911: Chanting of ""Jai Sree Ram"" seems to be communal in Bengal as cops threatened Hindu youths to stop devotional songs of Lord\xe2\x80\xa6'",,
sports,b'RT @ESPNcricinfo: Tamim Iqbal runs in and pulls off a superb diving catch. Darren Bravo dismissed for 19 off 51 balls\n\n#BANvWI  https://t.c\xe2\x80\xa6',,
politics,b'RT @trtworld: Bangladesh opposition party says the government has arrested hundreds of its supporters since election dates were announced h\xe2\x80\xa6',,
natural,"b'08-12-2018 #AT\n#Rohingya #Refugees in #Bangladesh are Demanding: \n""Justice for Ongoing Genocide &amp; Basic Human Right\xe2\x80\xa6 https://t.co/3OmCRzU8tW'",,
politics,b'RT @saileenas: Arup Biswas, Sourav Biswas caught by West Bengal police in fake voter ID card racket. \nElection around the corner..&amp; similar\xe2\x80\xa6',
politics,"b'Final Seat-Sharing: BNP keeps 238, allies get 60\n https://t.co/1oLC1V62aO via @dailystarnews'",,
natural,b'A winter night at Bangladesh [6000X4000] [OC] https://t.co/mRuC9C1m64',,
sports,b'#OnThisDay in 2006 \n-Gary Brent career best ODI perfomance vs Bangladesh \n-10.-03-22-4 https://t.co/7M0mMdJ6gG',,
sports,b'RT @ICC: Tamim Iqbal takes a stunning catch to help Bangladesh get rid of Darren Bravo for 19.\n\nWindies are 66/2 after 21 overs. \n\n#BANvWI\xe2\x80\xa6',,
sports,b'West Indies opt to bat in first Bangladesh ODI https://t.co/Gnf717tJDc https://t.co/WQXacQeBaX',,
natural,b'RT @NTomorrows: This #Rohingya girl explains how she was taken away by a #Myanmar police, was kept locked in a room for the whole day. At n\xe2\x80\xa6',
sports,b'Bangladesh get a wicket!....\n\n... and then Shamim Chowdhury graces us with his presence on commentary.\n\n#BANvWI\xe2\x80\xa6 https://t.co/8sxCXmnoFH',,
sports,b'RT @ACCMedia1: OUT!\nMusa Khan traps Md Zakir Hasan in front of the wicket for 69 and ends the 98 run second wicket partnership.\n\nEnd of 27\xe2\x80\xa6',,
sports,b'RT @ACCMedia1: 20 overs gone, Bangladesh are 90/1 (Zakir Hasan-37*, N Shanto - 22*) \n\nLIVE SCORES \xe2\x96\xb6\xef\xb8\x8fMatch Centre at https://t.co/OgMbFO7S8s\xe2\x80\xa6'
sports,b'Tamim Iqbal takes a stunning catch to help Bangladesh get rid of Darren Bravo for 19.\n\nWindies are 66/2 after 21 ov\xe2\x80\xa6 https://t.co/PGErADhkd1',,
natural,b'RT @GouseJilaniAA: Free clothes (winter clothing) distribution to the poor people and street children by Bangladesh @alluarjun fans \xf0\x9f\x91\x8f\xf0\x9f\x91\x8f\xf0\x9f\x91\x8c\xf0\x9f\x91\x8c ht\xe2\x80\xa6',,
sports,"b'RT @cricbuzz: ""Obviously", if we could have won a final that would have been better, especially the Asia Cup. I think it would be great if w\xe2\x80\xa6'
politics,"b'RT @tasneem: ""As #Bangladesh prepares to hold the 11th parliamentary elections shortly, now is the time that political parties should commi\xe2\x80\xa6'",,
politics,b'We seek help from all home and abroad to help ensuring free and fare credible national election in Bangladesh. Demo\xe2\x80\xa6 https://t.co/8YlgOUpK8O',,
sports,b'RT @ICC: Tamim Iqbal takes a stunning catch to help Bangladesh get rid of Darren Bravo for 19.\n\nWindies are 66/2 after 21 overs. \n\n#BANvWI\xe2\x80\xa6',,
natural,"b""RT @oldhandhyd: To all those Banga Bandhus who were shouting at me when I said BD's are entering freely through West Bengal borders : Fake\xe2\x80\xa6""",,
sports,"b'What a catch by @TamimOfficial28 Tamim\xf0\x9f\x98\x8d\xf0\x9f\x98\x8dThough he\'s coming from an injury""@cricbuzz \n@BCBtigers \n#Bangladesh_vs_Windies.'",,
politics,"b'#Bangladesh Well, in the end, ruling Awami League -merely token secular/progressive now - does have 24 female +17 r\xe2\x80\xa6 https://t.co/iwXmlfspLq'",,
crime,"b'RT @ikfaisal: Pakistan should apologize for their committed war crime in Bangladesh. As promised, they should also start trial of 195 Pakis\xe2\x80\xa6'",,
sports,b'RT @ICC: Tamim Iqbal takes a stunning catch to help Bangladesh get rid of Darren Bravo for 19.\n\nWindies are 66/2 after 21 overs. \n\n#BANvWI\xe2\x80\xa6',,
natural,b'I added a video to a @YouTube playlist https://t.co/Z8fI0785FH Amar Bangladesh | Borhan Biswas | \xe0\xa6\x86\xe0\xa6\xae\xe0\xa6\xbe\xe0\xa6\xb0 \xe0\xa6\xac\xe0\xa6\xbe\xe0\xa6\x82\xe0\xa6\xb2\xe0\xa6\xbe\xe0\xa6\xa6\xe0\xa7\x87\xe0\xa6\xb6',,
sports,b'Tamim Iqbal takes a stunning catch to help Bangladesh get rid of Darren Bravo for 19.\n\nWindies are 66/2 after 21 ov\xe2\x80\xa6 https://t.co/I8Qp8noPU7',,
sports,b'RT @HamasulGhani: Zeeshan Malik is playing today against Bangladesh\nSahibzada Farhan given rest\nGood luck Zeeshan Bhai\nHopefully another ce\xe2\x80\xa6',,
sports,b'RT @windiescricket: The WINDIES have won the toss and elected to bat first in the 1st ODI vs Bangladesh here at the Sher-E- Bangla National\xe2\x80\xa6',,
natural,b'This #Rohingya girl explains how she was taken away by a #Myanmar police, was kept locked in a room for the whole d\xe2\x80\xa6 https://t.co/BjenL121eh',
sports,b'RT @ESPNcricinfo: Tamim Iqbal runs in and pulls off a superb diving catch. Darren Bravo dismissed for 19 off 51 balls\n\n#BANvWI  https://t.c\xe2\x80\xa6',,
natural,b'trip to Chittagong hill tracts around Bandarban - Nilgiri - Chimbuk - Ruma bazaar haat - Bogalake - Shanru river tr\xe2\x80\xa6 https://t.co/UykPiKkehr',,
sports,"b'""Tamim Iqbal runs in and pulls off a superb diving catch. Darren Bravo dismissed for 19 off 51 balls\n\n#BANvWI  https://t.co/WWX9lJYvMh""'",,
politics,b'Aggrieved leaders, supporters to unite for polls, hopes BNP     BNP expresses hope that supporters of party leaders\xe2\x80\xa6 https://t.co/4cJfAFOOFn'
sports,b'Tamim Iqbal runs in and pulls off a superb diving catch. Darren Bravo dismissed for 19 off 51 balls\n\n#BANvWI  https://t.co/ds1xFDdgnL',,
natural,"b""RT @IstiaqHassan: I'm from Bangladesh.....\ni think  #Sreesanth is the most pure hearted person in #BiggBoss12\nhe is Like A CUTE CHILD From\xe2\x80\xa6""",,
politics,b'The need for campaign finance reform #BangladeshElection2018  https://t.co/t0sc9pRedE',,
sports,b'Live Bangladesh Vs West Indies One day Match \xe0\xa6\x96\xe0\xa7\x87\xe0\xa6\xb2\xe0\xa6\xbe \xe2\x80\xa6 https://t.co/Pd8q39wT8R',,
sports,b'Bangladesh vs West Indies: Live streaming, TV channel, start time and team news for first ODI cricket match https://t.co/1riJolVR4P'
sports,b'RT @IExpressSports: #BANvWI\n\nGONE! Darren Bravo dismissed by a terrific catch by Tamim Iqbal. Mortaza gets the wicket.\n\nLIVE\n\nhttps://t.co/\xe2\x80\xa6',,
sports,b'#BANvWI\n\nGONE! Darren Bravo dismissed by a terrific catch by Tamim Iqbal. Mortaza gets the wicket.\n\nLIVE\n\nhttps://t.co/x5FN5hzDrh',,
crime,"b'@CNBC @CNBCMakeIt Today ""Biswajit Das Killing day"" On that day In Bangladesh. Biswajit\xc2\xa0was a 24-year-old hindu tail\xe2\x80\xa6 https://t.co/Ov5yjQjViR'",,
politics,b'This is what actually happened during justifying the legality of nomination\n\n#Bangladesh #BDElection18 #BoycottEC\xe2\x80\xa6 https://t.co/grESGbXEhz',,
sports,b'@ICCLive @ICC hahahahah bangladesh is playing test',,
natural,b'@ShomiKaiser Hi Shomi \nMy self Amir Ata from India , I am trying to locate one of my classmate in graduation who ha\xe2\x80\xa6 https://t.co/XANPOwKivU',
sports,b'I liked a @YouTube video https://t.co/pl0l9UEN4D Bangladesh vs West Indies Live, 1st ODI | 09-12-2018 | \xe0\xa6\xac\xe0\xa6\xbe\xe0\xa6\x82\xe0\xa6\xb2\xe0\xa6\xbe\xe0\xa6\xa6\xe0\xa7\x87\xe0\xa6\xb6',
natural,b'RT @reachanshul: @samarjeet_n No need to escape as they are in International Waters off Bangladesh , Myanmar and Thailand.But @indiannavy\xe2\x80\xa6',
natural,b'Ali Imran and Zeeshan Malik in the middle for Pakistan. Pace from Shafiul Islam to begin things for Bangladesh.\n\nEn\xe2\x80\xa6 https://t.co/rvcf3vtN3M',,
politics,b'#BNP asks for \xe2\x80\x98paddy\xe2\x80\x99 symbol for 27 alliance candidates https://t.co/nKNhIPdF61',,
sports,b'RT @cricbuzz: Windies sink further as Samuels holes out at long-on. 127/6\n\n#BANvWI\n\nhttps://t.co/dZfRtg623p',,
crime,"b""- bangladesh does not expresses but crime against hindu's, torching of hindu's temples since 1947, even after 1971\xe2\x80\xa6 https://t.co/1nN61v7RSU""",,
sports,"b""RT @deeputalks: TIL Shimron Hetmyer's 15 sixes in the two-Test series in Bangladesh is the most ever by a batsman in a Test series.\nHe went\xe2\x80\xa6""",,
politics,b'RT @trtworld: Bangladesh opposition party says the government has arrested hundreds of its supporters since election dates were announced h\xe2\x80\xa6',,
sports,b'RT @Mustafiz90: We are all set for first ODI against Windies. Remember team Bangladesh in your prayers. #BANvWI https://t.co/L8418HyKrY',,
politics,"b'RT @tasneem: ""As #Bangladesh prepares to hold the 11th parliamentary elections shortly, now is the time that political parties should commi\xe2\x80\xa6'",,
sports,b'RT @ESPNcricinfo: How good was that catch from Tamim Iqbal? \n\nhttps://t.co/NUtXY3FRoE #BANvWI https://t.co/fGOBxFBMRR',,
natural,b'RT @taslimanasreen: Hypocrite Bangladesh celebrating  birth anniversary extravaganza of an early 20th century  feminist writer who is now d\xe2\x80\xa6',,
sports,b'RT @ESPNcricinfo: Bangladesh ease to a 1-0 series lead \n\nhttps://t.co/3x34NDjJE3 #BANvWI https://t.co/nQydXRZ8qX',,
politics,"b""RT @janusmyth: BJP President's comments about Bangladesh picked up by one of the biggest TV channels of Dhaka. Domestic pressure mounting o\xe2\x80\xa6""",,
sports,b'RT @ICC: Three wickets each from Mashrafe Mortaza and Mustafizur Rahman helps restrict West Indies to just 195/9 in the 1st ODI in Dhaka -\xe2\x80\xa6',,
politics,b'We seek help from all home and abroad to help ensuring free and fare credible national election in Bangladesh. Demo\xe2\x80\xa6 https://t.co/8YlgOUpK8O',,
sports,b'RT @ESPNcricinfo: A Man-of-the-Match performance from Bangladesh captain Mashrafe Mortaza in his 200th ODI \xf0\x9f\x91\x8f \n\nhttps://t.co/3x34NDjJE3 #BAN\xe2\x80\xa6',,
natural,"b'Hi, I am Nahid_Akanda from Bangladesh. I am senior Wordpress Developer working with local and international clients\xe2\x80\xa6 https://t.co/gN3TRZoTLy'",,
sports,"b""RT @ICC: Bangladesh cruise to a 1-0 ODI series lead!\n\nOnly 35.1 overs are needed to overhaul West Indies' 195/9, Mushfiqur Rahim (55*) and\xe2\x80\xa6""",,
natural,b'Bangladesh Power Development Board and Bangladesh Navy registered victories at the Walton Victory Day Volleyball Co\xe2\x80\xa6 https://t.co/72PAMa58cL',,
sports,b'Bangladesh tick most boxes in dominating first ODI victory https://t.co/Qm3DR2itoj',,
politics,"b'#Bangladesh Well, in the end, ruling Awami League -merely token secular/progressive now - does have 24 female +17 r\xe2\x80\xa6 https://t.co/iwXmlfspLq'",,
sports,b'Bangladesh vs Windies scorecard https://t.co/TvEGC8jDQu',,
natural,"b""RT @IstiaqHassan: I'm from Bangladesh.....\ni think  #Sreesanth is the most pure hearted person in #BiggBoss12\nhe is Like A CUTE CHILD From\xe2\x80\xa6""",,
sports,b'After 20 overs West Indies are 64/1 against Bangladesh.',,
natural,b'RT @GouseJilaniAA: Free clothes (winter clothing) distribution to the poor people and street children by Bangladesh @alluarjun fans \xf0\x9f\x91\x8f\xf0\x9f\x91\x8f\xf0\x9f\x91\x8c\xf0\x9f\x91\x8c ht\xe2\x80\xa6',,
natural,"b""RT @UNICEFEducation: \xe2\x80\x9cGirls' rights matter because it means I\xe2\x80\x99m protected from being harmed. It means I\xe2\x80\x99m allowed to get an education and h\xe2\x80\xa6""",,
natural,b'RT @bcws1: Day-14: Women workers in #Bangladesh raising their voice against #GBV and we need world to hear it and end GBV at workplace. #16\xe2\x80\xa6',,
politics,"b'""As #Bangladesh prepares to hold the 11th parliamentary elections shortly, now is the time that political parties s\xe2\x80\xa6 https://t.co/hoQ7o33M71'",,
politics,b'RT @trtworld: Bangladesh opposition party says the government has arrested hundreds of its supporters since election dates were announced h\xe2\x80\xa6',,
natural,b'RT @AlluArjunFCH: Hats off To Our #Bangladeshi #StylishStar #AlluArjun annaya Fans. For their noble initiative for a good cause.\nSuch a gre\xe2\x80\xa6',,
natural,b'@arunjaitley Jaitley Saheb Dictatorial or not ,Indiraji had more guts than any pm till date.With 1 single blow she\xe2\x80\xa6 https://t.co/Niv5lxBZUW',
natural,b'Statement of opposition to the Regional Comprehensive Economic Partnership at the 4th global people\xe2\x80\x99s health assemb\xe2\x80\xa6 https://t.co/YLaJYhMnKS',,
natural,b'RT @Rishividhyadhar: Colonel Akhilesh Dubey, a war veteran in 1971 Bangladesh war who has suffered 7 heart attacks, shares his experience o\xe2\x80\xa6'
politics,b'RT @basherkella: Awami Government shows they believe in women empowerment. Matter of sorrow in the last six years #Bangladesh experienced a\xe2\x80\xa6',,
natural,"b""RT @IstiaqHassan: I'm from Bangladesh.....\ni think  #Sreesanth is the most pure hearted person in #BiggBoss12\nhe is Like A CUTE CHILD From\xe2\x80\xa6""",,
natural,b'RT @dailystarnews: The World Bank approves USD 500 million to improve livestock and dairy production in Bangladesh #WorldBank \nhttps://t.co\xe2\x80\xa6',,
sports,b'Bangladesh v West Indies 61/1 *  #CricketScores',,
sports,b'Bangladesh vs west indies live score Mirpur-Dhaka: https://t.co/vWb5nwteGF via @YouTube',,
sports,b'Indoor playground equipment in Bangladesh\xe2\x9d\xa4\xef\xb8\x8f\xf0\x9f\x99\x86\xe2\x80\x8d\xe2\x99\x80\xef\xb8\x8f \xf0\x9f\x8c\xb7Welcome to contact Elsa Chen Whatsapp: +8618858983526 https://t.co/RctWvicwbz',,
politics,b'RT @GolamRabbanibsl: HPM #SheikhHasina said the people of the country do not want to see the party of killers, war criminals, anti-liberati\xe2\x80\xa6'
sports,b'RT @Mustafiz90: We are all set for first ODI against Windies. Remember team Bangladesh in your prayers. #BANvWI https://t.co/L8418HyKrY',,
sports,b'Bangladesh playing with 4 opening batsman.Tamim  Imrul  Soumya and Liton. #BANvWI',,
natural,b'US Bangla Airlines TVC 10 Minutes Luggage Service | | Advertising Bangladesh | CAP Films https://t.co/hh2dA8A9qK',,
natural,b'Is Mowgli from India or Bangladesh? Im confused \xf0\x9f\xa4\xb7\xf0\x9f\x8f\xbf\xe2\x80\x8d\xe2\x99\x80\xef\xb8\x8f',,
natural,b'SASU BANGLADESH 25 YEARS SILVER JUBILEE CELEBRATION SPECIAL DON SOGOY EVENT 02: https://t.co/8JcFndtTaD via @YouTube',,
natural,b'@sgilbertdavies @JulianBurnside Considering Bangladesh received more than half a million refugees over a couple of\xe2\x80\xa6 https://t.co/aVFWg4gIDK',,
sports,b'Congratulations Bangladesh cricket team https://t.co/KgxjERJUa4',,
natural,b'RT @LadyBGaming: LIVE with the last few hours of CWL Apex and Invite:\n\n@RabbitsToxic vs Hello Kitty\nAND\n@ByeForever_CoC vs @Bangladesh_fpc\xe2\x80\xa6',,
natural,"b'""Wakeup Bangladesh! A new day has come. Let us forget our past rivalry &amp; embrace each other with kindness. Let us a\xe2\x80\xa6 https://t.co/TV3P5Y3gP8'",,
politics,b'Bangladesh Election: aggrieved bnp men continue demo near gulshan office \xe2\x80\x93 ,,
natural,b'Meanwhile the Rohingya refugees in Bangladesh may be shipped off to an empty island because they have no where to go https://t.co/LLEeTVn8gc',,
natural,"b'Malaysia - slave labour &amp; exploitation \n\n""The complaints include that migrant workers from Nepal and Bangladesh are\xe2\x80\xa6 https://t.co/2KWuGXdldJ'",,
crime,"b'Pakistan should apologize for their committed war crime in Bangladesh. As promised, they should also start trial of\xe2\x80\xa6 https://t.co/uP5doB5maS'",,
natural,b'RT @SSAACF: #AlluArjun annaya  appreciated his Bangladesh fans for their great Gesture \xf0\x9f\x91\x8f\xe2\x9d\xa4 \n\n#Bangladesh fans Disturbed clothes to the ,,
natural,b'RT @FaridaMoonChild: We all know that this # will never trend because Twitter is a bixh. This happened with the Bangladesh students case. W\xe2\x80\xa6',,
politics,"b'RT @CP_Gang: 2,79,272 students get stipend from PM\xe2\x80\x99s education trust\n\n#Bangladesh \n#AwamiLeague \n#SheikhHasina \n#EnrichingBangladesh\n#educa\xe2\x80\xa6'",,
politics,"b'RT @CP_Gang: Nation will recall the memory of Bir Shreshtha Ruhul Amin, one of the seven greatest heroes of the Liberation War, on his 45th\xe2\x80\xa6'",,
crime,"b'RT @B52Malmet: Also this other huge humanitarian crime that murded. \xe2\x80\x9cThe refugee camp where Eshak now lives is home to 902,984 Rohingya Muslims. ",,
natural,"b'RT @nslwin: A group of prominent #Rohingya living in #Europe is raising funds to develop their community. \n\n""Your support will be their hop\xe2\x80\xa6'",,
sports,"b""Tamim's return gives Bangladesh happy headache https://t.co/lu0Mhud63V""",,
crime,b'The worst experiment for Rohingya children killed by killer  \xe2\x80\x94 Quartz https://t.co/cM4OKbYWBS',,
politics,"b'RT @dailystarnews: Even amidst the deafening noise and buzz around the upcoming elections, @mashrafebd still the same Mashrafe https://t.co\xe2\x80\xa6'",,
crime,"b'RT @B52Malmet: Also this other huge humanitarian crisis for killing human bt robbers. \xe2\x80\x9cThe refugee camp where Eshak now lives is home to 902,984 Rohingya Muslims. It\xe2\x80\x99s\xe2\x80\xa6'",,
sports,b'RT @RadioPakistan: Bangladesh beat Pakistan by 84 runs in its last group match of Emerging Asia Cup https://t.co/oLr2X4bQ8H https://t.co/ES\xe2\x80\xa6',,
natural,b'RT @eatkinson48: No. This is not the outskirts of Mumbai or Bangladesh! This is Paris! This is the results of uncontrolled immigration! Thi\xe2\x80\xa6',,
crime,b'I disliked a @YouTube video for rape case https://t.co/NWk9LocJbY Malta Cultivation in Bangladesh',,
politics,"b'RT @tasneem: ""As #Bangladesh prepares to hold the 11th parliamentary elections shortly, now is the time that political parties should commi\xe2\x80\xa6'",,
natural,b'RT @nandaji1958: TamilNadu became den of illegal muslim immigrants fr Bangladesh &amp;Myanmar.Police not maintained forgieners records&amp; not ver\xe2\x80\xa6',,
politics,b'RT @HillelNeuer: New members to be elected on Oct. 12 to UN Human Rights Council include:\n\xe2\x80\xa2 Eritrea\n\xe2\x80\xa2 Bahrain\n\xe2\x80\xa2 Somalia\n\xe2\x80\xa2 Cameroon\n\xe2\x80\xa2 Philip\xe2\x80\xa6',,
sports,"b'One thing I noticed about the Bangladesh Lineup against the West Indies in the first ODI, was that it was a full Ba\xe2\x80\xa6 https://t.co/q8inbqF9ei'",,
politics,b'Bangladesh elections explained https://t.co/TpL2GA4eoO',,
crime,"b'RT @SYahyaHussaini: Selection process in @TheRealPCB is now really alarming . Just a day after defeat against @BLACKCAPS ,Pakistan soulders los\xe2\x80\xa6'",,
natural,"b'RT @UNFPABangladesh: To many parents, child marriage is a solution to many socio-economic issues like dowry, sexual harassment &amp; poverty. S\xe2\x80\xa6'",,
natural,"b'Very lively class party at Al-Falah Bangladesh, at Geneva Camp, Dhaka. Thanks Afsana Naim. https://t.co/5L8L7iehju'",,
sports,"b'RT @ICCLive: Welcome to the Sher-e-Bangla National Cricket Stadium, Mirpur, for the 1st ODI between Bangladesh and Windies https://t.co/Drz\xe2\x80\xa6'",,
natural,b'Preparation of Performance of SME financing of commercial bank in Bangladesh- A Study on Eastern Bank Limited... https://t.co/oVHGnXZmfA',,
sports,b'RT @cricbuzz: Brilliant Rahim powers Bangladesh to a comfortable five-wicket victory. \n#BANvWI \nhttps://t.co/dZfRtg623p',,
natural,b'RT @PLZspeakSLUSH: Why Bangladesh became an Independent country: a thread for all you haters reads this plz and lemme educate you https://t\xe2\x80\xa6',,
sports,"b'RT @ESPNcricinfo: The partnership between Mushfiqur and Shakib sets Bangladesh on course in their chase of 196, 139/3 after 25 overs\n\n#BANv\xe2\x80\xa6'",,
crime,b'#TIB gives anti-corruption #cartoon and photography awards https://t.co/gvCWTvzlMJ',,
politics,b'RT @shuddhashar: This is an important article about the upcoming elections in Bangladesh -- must read!\nhttps://t.co/Qoj2Zl89bw',,
politics,"b'RT @tasneem: ""As #Bangladesh prepares to hold the 11th parliamentary elections shortly, now is the time that political parties should commi\xe2\x80\xa6'",,
natural,"b'After being there for almost an hour, &amp; filling out forms, blood pressure and hemoglobin check, @RedCross tells me\xe2\x80\xa6 https://t.co/71aLUMau2g'",,
sports,b'#weldone Bangladesh team\n#victory against wi team',,
politics,b'The need for campaign finance reform #BangladeshElection2018  https://t.co/t0sc9pRedE',,
sports,b'I liked a @YouTube video https://t.co/0HLtRq0zNQ Bangladesh vs Windies Highlights || 1st ODI || Windies tour of Bangladesh 2018',,
natural,b'Why have you got the Bangladesh flag up https://t.co/AqKHQeqvs4',,
sports,b'Saif Sporting Club and Bangladesh Navy jointly lead the points table after the fourth round matches of the SA Group\xe2\x80\xa6 https://t.co/NP6XlI39HS',,
sports,"b""RT @ICC: Bangladesh cruise to a 1-0 ODI series lead!\n\nOnly 35.1 overs are needed to overhaul West Indies' 195/9, Mushfiqur Rahim (55*) and\xe2\x80\xa6""",,
natural,b'best of all operator.... WOW amazing!  #Robi #RobiAxiata #CallRate #RobiBest #Bangladesh #GreatService #ThankyouForYourService',,
politics,b'RT @basherkella: Awami Government shows they believe in women empowerment. Matter of sorrow in the last six years #Bangladesh experienced a\xe2\x80\xa6',,
sports,b'I liked a @YouTube video https://t.co/kok2xn9itv Bangladesh vs Windies Highlights || 1st ODI || Windies tour of Bangladesh 2018',,
crime,b'of there are many rape case in Bangladesh https://t.co/Mbytov16nQ',,
crime,b'of murdered case in Bangladesh https://t.co/Mbytov16nQ',,
natural,b'RT @GouseJilaniAA: .@alluarjun appreciated his Bangladesh fans for their great Gesture \xf0\x9f\x91\x8f\xe2\x9d\xa4 https://t.co/m5R2WbQqwv',,
politics,"b""Tear in loved one who was kidnapped by awami government can't be go in vain.  Next election, awami league will suff\xe2\x80\xa6 https://t.co/uLK9BRjxxI""",,
politics,b'RT @ZulfiRao1: It was such an advance hybrid war where the majority of population rose against the ruling minority of a country. As the min\xe2\x80\xa6',,
politics,b'us prisedent election 2020  us bangladesh muslim world arab world future iam mohammed musa badsha iam prisedent iam\xe2\x80\xa6 https://t.co/u62Wz8xVXP',,
crime,b'Bangladesh Booming murder case| Money Talks Special https://t.co/6Ped0aDPZT',,
sports,b'Bangladesh vs West Indies 2nd ODI 2018 Playing 11 | Bangladesh Probable Playing xi | Ban vs WI: https://t.co/GjiaaVCfIU via @YouTube',,
natural,b'@markpalexander Bangladesh..... wow. That\xe2\x80\x99s good news!',,
crime,"b'@jack I live in Bangladesh, We have seen the 100,0000 of refugees who have fled Burma. 100,0000 killed by Buddhist\xe2\x80\xa6 https://t.co/RupjDpooyj'",,
natural,"b""Just posted a photo @ Cox's Bazar, Bangladesh https://t.co/ljMyJTFXVn""",,
crime,b'Evergreen Bangladesh is spoiled by robber or rape case.... https://t.co/fITXQcImp5',,
sports,"b'With 2019 World Cup in mind, Bangladesh\xe2\x80\x99s Mustafizur Rahman to miss IPL auctions\n https://t.co/w3FQQg7i3y'",,
sports,b'RT @ESPNcricinfo: How good was that catch from Tamim Iqbal? \n\nhttps://t.co/NUtXY3FRoE #BANvWI https://t.co/fGOBxFBMRR',,
natural,b'Expert: #Bangladesh holds important \xe2\x80\x98geopolitical strategic position\xe2\x80\x99 in #BRI https://t.co/ALd498Jh6k',,
politics,"b'RT @JanJohnsonFL: @HillaryClinton Your sin is bing exposed: ""Bangladesh prime minister says Clinton personally pressured her to help founda\xe2\x80\xa6'",,
natural,b'RT @katrinacharles: Increasing salinity in drinking water linked to increase in miscarriages in Bangladesh  https://t.co/BXTY8SWJBU',,
crime,b'Student killed by political leader for refusing to get cigarette https://t.co/RbiXTtz1Us',,
sports,b'RT @ESPNcricinfo: How good was that catch from Tamim Iqbal? \n\nhttps://t.co/NUtXY3FRoE #BANvWI https://t.co/fGOBxFBMRR',,
natural,b'RT @adamkeyworth: 22. The one where The Telegraph use a picture of Raheem to front their story of underpaying workers in Bangladesh. https:\xe2\x80\xa6',,
crime,b'Police show #Chattogram city\xe2\x80\x99s #BNP President Shahadat Hossain arrested in two more cases #Bangladesh https://t.co/8dRyBkglF2',,
crime,"b""Bangladesh's jailed killed by Zia seeks HC intervention to fight polls https://t.co/xQGPpOuobb""",,
natural,"b'The first time that I recited in a ceremony after coming to Bangladesh, a Buddhist friend of mine came up to me and\xe2\x80\xa6 https://t.co/thc249DDDn'",,
natural,b'RT @ETRetail: ETRetail | Bangladesh clothing factories face squeeze if safety push blocked https://t.co/clSWDdAmbI',,
sports,b'Bangladesh 205/3 * v West Indies https://t.co/g3dHdg6xND',,
sports,b'#1stTest #Mirpur\n#BanvsWi \nEnd Of The Day\nBangladesh 315/8',,
sports,b'I added a video to a @YouTube playlist https://t.co/QoSEntheKq BD Sports News Today Bangladesh Cricket News today Bd Tv News Bangla',,
sports,b'Bangladesh beat West Indies by 5 wickets | Man Of The Match Masrafee: https://t.co/Aw3ztSnmo7 via @YouTube',,
natural,"b""RT @Infoseepage: @jack The people are so full of joy! I suppose you didn't visit any of the hundreds of villages burnt by government forces\xe2\x80\xa6""",,
natural,b'RT @pvdinesh: I have a  question. What is the legal status of those cows crossed the  India - Pak and India- Bangladesh boarder and living\xe2\x80\xa6',,
natural,"b'"" Poet. Journalist. Maker of films. Former Parliamentarian. Genesis International Humanitarian Award US Bangladesh\xe2\x80\xa6 https://t.co/TDF2RE1fx7'",,
natural,"b'She made the day more special \xe2\x99\xa5 @ Dhaka, Bangladesh https://t.co/ZQ60bs1Hvr'",,
sports,b'Emerging Asia Cup: Bangladesh beats Pakistan in last group match https://t.co/pzdOLI2BM4',,
politics,b'RT @trtworld: Bangladesh opposition party says the government has arrested hundreds of its supporters since election dates were announced\nh\xe2\x80\xa6',,
natural,b'@brielarson Bangladesh is great place for tourism',,
sports,b'RT @_JonXIV: West Indies have successfully replaced Bangladesh as minnows. https://t.co/hZmsJJticU',,
sports,b'RT @amilakalugalage: A very strong @cricketcomau U19 team is expected to battle against @OfficialSLC U19 next month. Need to appreciate the\xe2\x80\xa6',,
natural,"b'Journal of Health and Pollution December 2018 is published!  The December Edition includes research from #Jamaica,\xe2\x80\xa6 https://t.co/nTJZ3radwN'",,
sports,b'feeling refreshed at Royal Tulip Cox\xe2\x80\x99s Bazar Bangladesh https://t.co/9XsIqgQD1k',,
sports,b'RT @faizanlakhani: Emerging teams Asia Cup; Bangladesh sets 310 runs target for Pakistan.',,
sports,b'Special Thanks to Bangladesh Cricket team for valuable win against Windies.\xf0\x9f\x92\xaa\xf0\x9f\x92\xaa\xf0\x9f\x92\xaa\n\n#Thanks_Mushfiqur_for_your_50run. https://t.co/uOId9oDDjp',,
natural,"b""I recently returned from an #interpreting mission at the 4th People's Health Assembly in #Bangladesh. The event bro\xe2\x80\xa6 https://t.co/1wJo36Rugk""",,
sports,"b'@ICC go0d performance by bangladesh,'",,
sports,b'@windiescricket Love you Windies... from Bangladesh',,
natural,b'RT @shaabbiir: #Bangladesh firms continue to be the most optimistic out of the 34 countries in which British banking giant @HSBC operate ht\xe2\x80\xa6',,
crime,b'Bangladesh Road Transport Corporation failed to maintain crime-BRTC https://t.co/rKPFUNnGRj https://t.co/R5jXdHhjCt',,
natural,b'What is the your favourite experience with Redfood?               \n \n  #redfood #takeaway #india #pakistan\xe2\x80\xa6 https://t.co/9Bd5shXA6X',,
natural,b'I liked a @YouTube video https://t.co/9c6CJQmVIa Woodturning - Designing Wood for Furniture in Bangladesh',,
sports,b'Tigers beat Windies to lead ODI series 1-0 https://t.co/BhbfDKt1YI',,
sports,"b""RT @ICC: Bangladesh have made a solid start to their pursuit of 196 to win the first ODI - they're 68/2 at drinks after 15 overs, with Lito\xe2\x80\xa6""",,
